{
   "references": [
   ],
   "model": {
      "attribute_metadata": [
         {
            "id": "defaultPassword",
            "description": "",
            "displayType": "password",
            "name": "defaultPassword",
            "sampleValue": "",
            "label": "defaultPassword",
            "required": true,
            "type": "string"
         }
      ],
      "description": "",
      "nodes": [
         {
            "id": "i2IAPNode",
            "parent_type": "image:OS Node:2.1",
            "locked": [
               "ConfigPWD_ROOT.password",
               "ConfigPWD_USER.password"
            ],
            "attributes": {
               "ConfigPWD_USER.password": "${pattern.defaultPassword}",
               "HWAttributes.memsize": 8092,
               "HWAttributes.numvcpus": 2,
               "ConfigPWD_ROOT.password": "${pattern.defaultPassword}"
            },
            "type": "image:OS Node:IBM OS Image for Red Hat Linux Systems:2.1.1.0:70"
         },
         {
            "id": "Database Server",
            "startsAfter": [
               "i2IAPNode"
            ],
            "locked": [
               "instanceOwnerPassword",
               "fencedUserPassword"
            ],
            "attributes": {
               "instanceMountPoint": "/db2inst1",
               "instanceOwnerPassword": "${pattern.defaultPassword}",
               "sqlType": "DB2",
               "fencedUser": "db2fenc1",
               "instanceOwner": "db2inst1",
               "fencedUserGroup": "db2fadm1",
               "databaseFixpack": "10.5.0.4",
               "databaseVersion": "10.5",
               "instancePort": 50000,
               "fencedUserPassword": "${pattern.defaultPassword}",
               "instanceOwnerGroup": "db2iadm1"
            },
            "type": "DB2LUW",
            "groups": {
            }
         },
         {
            "id": "IBM HTTP servers",
            "startsAfter": [
               "Database Server"
            ],
            "locked": [
               "was_admin_password"
            ],
            "attributes": {
               "was_bitness": "64",
               "install_directory_ihs": "/opt/IBM/WebSphere/HTTPServer",
               "was_admin_password": "${pattern.defaultPassword}",
               "profile_home": "/opt/IBM/WebSphere/Profiles",
               "was_admin": "wasadmin"
            },
            "type": "HTTPServer_8554_IM",
            "groups": {
               "federate_ihs_with_dmgr": false
            }
         },
         {
            "id": "mountpoint_db2inst1",
            "parent_type": "ADDON_DISK",
            "attributes": {
               "VOLUME_GROUP": "",
               "DISK_SIZE_GB": 10,
               "FILESYSTEM_TYPE": "ext3",
               "OWNER": "",
               "MOUNT_POINT": "/db2inst1"
            },
            "type": "add-on:Default add disk:1.0.0",
            "groups": {
            }
         },
         {
            "id": "IAP3011_install",
            "parent_type": "script:IAP3011_install",
            "startsAfter": [
               "Database Server",
               "IBM HTTP servers"
            ],
            "locked": [
               "DBUSERNAME",
               "DBUSERPASSWORD"
            ],
            "attributes": {
               "DBUSERPASSWORD": "${pattern.defaultPassword}",
               "FILESERVER_IP": "172.17.63.48",
               "DBUSERNAME": "${Database Server.instanceName}"
            },
            "type": "script:IAP3011_install:1.0",
            "groups": {
            }
         },
         {
            "id": "mountpoint_iap",
            "parent_type": "ADDON_DISK",
            "attributes": {
               "VOLUME_GROUP": "",
               "DISK_SIZE_GB": 25,
               "FILESYSTEM_TYPE": "ext3",
               "OWNER": "",
               "MOUNT_POINT": "/iap"
            },
            "type": "add-on:Default add disk:1.0.0"
         }
      ],
      "app_type": "application",
      "name": "sjs i2 IAP 3.0.11",
      "patterntype": "vsys",
      "links": [
         {
            "id": "HostedOnLink_1",
            "source": "Database Server",
            "target": "i2IAPNode",
            "attributes": {
            },
            "type": "HostedOnLink",
            "groups": {
            }
         },
         {
            "id": "HostedOnLink_2",
            "source": "IBM HTTP servers",
            "target": "i2IAPNode",
            "attributes": {
            },
            "type": "HostedOnLink",
            "groups": {
            }
         },
         {
            "id": "HostedOnLink_3",
            "source": "mountpoint_db2inst1",
            "target": "i2IAPNode",
            "attributes": {
            },
            "type": "HostedOnLink",
            "groups": {
            }
         },
         {
            "id": "HostedOnLink_4",
            "source": "IAP3011_install",
            "target": "i2IAPNode",
            "attributes": {
            },
            "type": "HostedOnLink",
            "groups": {
            }
         },
         {
            "id": "HostedOnLink_5",
            "source": "mountpoint_iap",
            "target": "i2IAPNode",
            "attributes": {
            },
            "type": "HostedOnLink"
         }
      ],
      "attributes": {
         "defaultPassword": "<xor>Lz4sLChvLTs="
      },
      "locked": false,
      "readonly": false,
      "version": "1.0",
      "patternversion": "1.0"
   },
   "layers": [
      {
         "id": "layer",
         "nodes": [
            "i2IAPNode",
            "Database Server",
            "IBM HTTP servers",
            "mountpoint_db2inst1",
            "IAP3011_install",
            "mountpoint_iap"
         ]
      }
   ],
   "export_id": "a-01c0c398-c581-43be-bba8-9270bde3ccf2"
}